{
    "read_files": "( /dev/fd/63, /dev/fd/62 )",
    "expected_format": "IU",
    "compatible_fragment_ratio": 0.9975658973137742,
    "num_compatible_fragments": 17036592,
    "num_assigned_fragments": 17078162,
    "num_consistent_mappings": 52920941,
    "num_inconsistent_mappings": 845427,
    "strand_mapping_bias": 0.4936891428291118,
    "MSF": 0,
    "OSF": 2785,
    "ISF": 26794447,
    "MSR": 0,
    "OSR": 2936,
    "ISR": 26126494,
    "SF": 352072,
    "SR": 355453,
    "MU": 0,
    "OU": 0,
    "IU": 0,
    "U": 0
}