{
    "read_files": "( /dev/fd/63, /dev/fd/62 )",
    "expected_format": "IU",
    "compatible_fragment_ratio": 0.996876996509858,
    "num_compatible_fragments": 20576246,
    "num_assigned_fragments": 20640707,
    "num_consistent_mappings": 63708703,
    "num_inconsistent_mappings": 1009596,
    "strand_mapping_bias": 0.4946251064002982,
    "MSF": 0,
    "OSF": 3485,
    "ISF": 32196779,
    "MSR": 0,
    "OSR": 3414,
    "ISR": 31511924,
    "SF": 393390,
    "SR": 401763,
    "MU": 0,
    "OU": 0,
    "IU": 0,
    "U": 0
}