{
    "read_files": "( /dev/fd/63, /dev/fd/62 )",
    "expected_format": "IU",
    "compatible_fragment_ratio": 0.9973134663702855,
    "num_compatible_fragments": 17488869,
    "num_assigned_fragments": 17535980,
    "num_consistent_mappings": 52272964,
    "num_inconsistent_mappings": 822156,
    "strand_mapping_bias": 0.4933687709003836,
    "MSF": 0,
    "OSF": 2773,
    "ISF": 26483116,
    "MSR": 0,
    "OSR": 2762,
    "ISR": 25789848,
    "SF": 332150,
    "SR": 337564,
    "MU": 0,
    "OU": 0,
    "IU": 0,
    "U": 0
}