{
    "read_files": "( /dev/fd/63, /dev/fd/62 )",
    "expected_format": "IU",
    "compatible_fragment_ratio": 0.9972065567987617,
    "num_compatible_fragments": 24198324,
    "num_assigned_fragments": 24266110,
    "num_consistent_mappings": 74113675,
    "num_inconsistent_mappings": 1185229,
    "strand_mapping_bias": 0.494444594739095,
    "MSF": 0,
    "OSF": 3979,
    "ISF": 37468569,
    "MSR": 0,
    "OSR": 3775,
    "ISR": 36645106,
    "SF": 476450,
    "SR": 486589,
    "MU": 0,
    "OU": 0,
    "IU": 0,
    "U": 0
}