{
    "read_files": "( /dev/fd/63, /dev/fd/62 )",
    "expected_format": "IU",
    "compatible_fragment_ratio": 0.9958748336104867,
    "num_compatible_fragments": 19401032,
    "num_assigned_fragments": 19481396,
    "num_consistent_mappings": 60399231,
    "num_inconsistent_mappings": 914998,
    "strand_mapping_bias": 0.4935351246442194,
    "MSF": 0,
    "OSF": 3477,
    "ISF": 30590089,
    "MSR": 0,
    "OSR": 3784,
    "ISR": 29809142,
    "SF": 325813,
    "SR": 324172,
    "MU": 0,
    "OU": 0,
    "IU": 0,
    "U": 0
}