{
    "read_files": "( /dev/fd/63, /dev/fd/62 )",
    "expected_format": "IU",
    "compatible_fragment_ratio": 0.9973683901241082,
    "num_compatible_fragments": 21385202,
    "num_assigned_fragments": 21441628,
    "num_consistent_mappings": 65697244,
    "num_inconsistent_mappings": 1151717,
    "strand_mapping_bias": 0.4940129756432401,
    "MSF": 0,
    "OSF": 4149,
    "ISF": 33241953,
    "MSR": 0,
    "OSR": 4145,
    "ISR": 32455291,
    "SF": 479550,
    "SR": 486180,
    "MU": 0,
    "OU": 0,
    "IU": 0,
    "U": 0
}