{
    "read_files": "( /dev/fd/63, /dev/fd/62 )",
    "expected_format": "IU",
    "compatible_fragment_ratio": 0.9973246492045141,
    "num_compatible_fragments": 16782307,
    "num_assigned_fragments": 16827326,
    "num_consistent_mappings": 49950704,
    "num_inconsistent_mappings": 1078952,
    "strand_mapping_bias": 0.49403071476229845,
    "MSF": 0,
    "OSF": 2729,
    "ISF": 25273522,
    "MSR": 0,
    "OSR": 2839,
    "ISR": 24677182,
    "SF": 450360,
    "SR": 482749,
    "MU": 0,
    "OU": 0,
    "IU": 0,
    "U": 0
}