{
    "read_files": "( /dev/fd/63, /dev/fd/62 )",
    "expected_format": "IU",
    "compatible_fragment_ratio": 0.9968265622351149,
    "num_compatible_fragments": 18798567,
    "num_assigned_fragments": 18858413,
    "num_consistent_mappings": 57990391,
    "num_inconsistent_mappings": 1277937,
    "strand_mapping_bias": 0.49412139676726787,
    "MSF": 0,
    "OSF": 3557,
    "ISF": 29336098,
    "MSR": 0,
    "OSR": 3679,
    "ISR": 28654293,
    "SF": 520147,
    "SR": 559889,
    "MU": 0,
    "OU": 0,
    "IU": 0,
    "U": 0
}