{
    "read_files": "( /dev/fd/63, /dev/fd/62 )",
    "expected_format": "IU",
    "compatible_fragment_ratio": 0.9960272185178537,
    "num_compatible_fragments": 20493516,
    "num_assigned_fragments": 20575257,
    "num_consistent_mappings": 63240476,
    "num_inconsistent_mappings": 1180909,
    "strand_mapping_bias": 0.4927414208583756,
    "MSF": 0,
    "OSF": 4249,
    "ISF": 32079274,
    "MSR": 0,
    "OSR": 4684,
    "ISR": 31161202,
    "SF": 461608,
    "SR": 450359,
    "MU": 0,
    "OU": 0,
    "IU": 0,
    "U": 0
}