{
    "read_files": "( /dev/fd/63, /dev/fd/62 )",
    "expected_format": "IU",
    "compatible_fragment_ratio": 0.9968728641665354,
    "num_compatible_fragments": 16093681,
    "num_assigned_fragments": 16144166,
    "num_consistent_mappings": 48895106,
    "num_inconsistent_mappings": 710230,
    "strand_mapping_bias": 0.493438525319896,
    "MSF": 0,
    "OSF": 2952,
    "ISF": 24768377,
    "MSR": 0,
    "OSR": 3219,
    "ISR": 24126729,
    "SF": 273347,
    "SR": 272511,
    "MU": 0,
    "OU": 0,
    "IU": 0,
    "U": 0
}