{
    "read_files": "( /dev/fd/63, /dev/fd/62 )",
    "expected_format": "IU",
    "compatible_fragment_ratio": 0.9973912133672886,
    "num_compatible_fragments": 18636569,
    "num_assigned_fragments": 18685315,
    "num_consistent_mappings": 58277866,
    "num_inconsistent_mappings": 813138,
    "strand_mapping_bias": 0.4945778556819496,
    "MSF": 0,
    "OSF": 3522,
    "ISF": 29454924,
    "MSR": 0,
    "OSR": 2983,
    "ISR": 28822942,
    "SF": 322332,
    "SR": 328757,
    "MU": 0,
    "OU": 0,
    "IU": 0,
    "U": 0
}