{
    "read_files": "( /dev/fd/63, /dev/fd/62 )",
    "expected_format": "IU",
    "compatible_fragment_ratio": 0.9977005760880179,
    "num_compatible_fragments": 17329628,
    "num_assigned_fragments": 17369568,
    "num_consistent_mappings": 52441792,
    "num_inconsistent_mappings": 693660,
    "strand_mapping_bias": 0.4953143096254224,
    "MSF": 0,
    "OSF": 3045,
    "ISF": 26466622,
    "MSR": 0,
    "OSR": 2927,
    "ISR": 25975170,
    "SF": 279393,
    "SR": 285248,
    "MU": 0,
    "OU": 0,
    "IU": 0,
    "U": 0
}