{
    "read_files": "( /dev/fd/63, /dev/fd/62 )",
    "expected_format": "IU",
    "compatible_fragment_ratio": 0.9976183999430991,
    "num_compatible_fragments": 19902939,
    "num_assigned_fragments": 19950453,
    "num_consistent_mappings": 60892590,
    "num_inconsistent_mappings": 1380861,
    "strand_mapping_bias": 0.4938620938935263,
    "MSF": 0,
    "OSF": 4064,
    "ISF": 30820048,
    "MSR": 0,
    "OSR": 3835,
    "ISR": 30072542,
    "SF": 590124,
    "SR": 634911,
    "MU": 0,
    "OU": 0,
    "IU": 0,
    "U": 0
}